,age,education,race,married,nodegree,trainning,earning75,earning78
1,3.70E+01,1.10E+01,black,1.00E+00,1.00E+00,1.00E+00,0.00E+00,9.93E+03
2,2.20E+01,9.00E+00,hispanic,0.00E+00,1.00E+00,1.00E+00,0.00E+00,3.60E+03
3,3.00E+01,1.20E+01,black,0.00E+00,0.00E+00,1.00E+00,0.00E+00,2.49E+04
4,2.70E+01,1.10E+01,black,0.00E+00,1.00E+00,1.00E+00,0.00E+00,7.51E+03
5,3.30E+01,8.00E+00,black,0.00E+00,1.00E+00,1.00E+00,0.00E+00,2.90E+02
6,2.20E+01,9.00E+00,black,0.00E+00,1.00E+00,1.00E+00,0.00E+00,4.06E+03
7,2.30E+01,1.20E+01,black,0.00E+00,0.00E+00,1.00E+00,0.00E+00,0.00E+00
8,3.20E+01,1.10E+01,black,0.00E+00,1.00E+00,1.00E+00,0.00E+00,8.47E+03
9,2.20E+01,1.60E+01,black,0.00E+00,0.00E+00,1.00E+00,0.00E+00,2.16E+03
10,3.30E+01,1.20E+01,white,1.00E+00,0.00E+00,1.00E+00,0.00E+00,1.24E+04
11,1.90E+01,9.00E+00,black,0.00E+00,1.00E+00,1.00E+00,0.00E+00,8.17E+03
12,2.10E+01,1.30E+01,black,0.00E+00,0.00E+00,1.00E+00,0.00E+00,1.71E+04
13,1.80E+01,8.00E+00,black,0.00E+00,1.00E+00,1.00E+00,0.00E+00,0.00E+00
14,2.70E+01,1.00E+01,black,1.00E+00,1.00E+00,1.00E+00,0.00E+00,1.87E+04
15,1.70E+01,7.00E+00,black,0.00E+00,1.00E+00,1.00E+00,0.00E+00,3.02E+03
16,1.90E+01,1.00E+01,black,0.00E+00,1.00E+00,1.00E+00,0.00E+00,3.23E+03
17,2.70E+01,1.30E+01,black,0.00E+00,0.00E+00,1.00E+00,0.00E+00,1.46E+04
18,2.30E+01,1.00E+01,black,0.00E+00,1.00E+00,1.00E+00,0.00E+00,7.69E+03
19,4.00E+01,1.20E+01,black,0.00E+00,0.00E+00,1.00E+00,0.00E+00,1.08E+04
20,2.60E+01,1.20E+01,black,0.00E+00,0.00E+00,1.00E+00,0.00E+00,1.07E+04
21,2.30E+01,1.10E+01,black,0.00E+00,1.00E+00,1.00E+00,0.00E+00,0.00E+00
22,4.10E+01,1.40E+01,white,0.00E+00,0.00E+00,1.00E+00,0.00E+00,5.15E+03
23,3.80E+01,9.00E+00,white,0.00E+00,1.00E+00,1.00E+00,0.00E+00,6.41E+03
24,2.40E+01,1.10E+01,black,0.00E+00,1.00E+00,1.00E+00,0.00E+00,1.99E+03
25,3.30E+01,1.10E+01,black,0.00E+00,1.00E+00,1.00E+00,7.87E+03,6.28E+03
26,1.80E+01,1.00E+01,black,0.00E+00,1.00E+00,1.00E+00,0.00E+00,1.12E+04
27,2.90E+01,1.10E+01,black,1.00E+00,1.00E+00,1.00E+00,0.00E+00,9.64E+03
28,2.50E+01,1.10E+01,black,0.00E+00,1.00E+00,1.00E+00,0.00E+00,9.90E+03
29,2.70E+01,1.00E+01,hispanic,0.00E+00,1.00E+00,1.00E+00,0.00E+00,1.11E+04
30,1.70E+01,1.00E+01,black,0.00E+00,1.00E+00,1.00E+00,0.00E+00,1.62E+04
31,2.40E+01,1.10E+01,black,0.00E+00,1.00E+00,1.00E+00,0.00E+00,9.96E+02
32,1.70E+01,1.00E+01,black,0.00E+00,1.00E+00,1.00E+00,0.00E+00,0.00E+00
33,2.60E+01,1.10E+01,black,1.00E+00,1.00E+00,1.00E+00,2.75E+03,2.64E+04
34,4.80E+01,4.00E+00,black,0.00E+00,1.00E+00,1.00E+00,0.00E+00,6.55E+03
35,2.50E+01,1.10E+01,black,1.00E+00,1.00E+00,1.00E+00,0.00E+00,1.57E+03
36,2.00E+01,1.20E+01,black,0.00E+00,0.00E+00,1.00E+00,0.00E+00,0.00E+00
37,2.50E+01,1.20E+01,black,0.00E+00,0.00E+00,1.00E+00,0.00E+00,3.19E+03
38,4.20E+01,1.40E+01,black,0.00E+00,0.00E+00,1.00E+00,0.00E+00,2.05E+04
39,2.50E+01,5.00E+00,black,0.00E+00,1.00E+00,1.00E+00,0.00E+00,6.18E+03
40,2.30E+01,1.20E+01,black,1.00E+00,0.00E+00,1.00E+00,0.00E+00,5.91E+03
41,4.60E+01,8.00E+00,black,1.00E+00,1.00E+00,1.00E+00,0.00E+00,3.09E+03
42,2.40E+01,1.00E+01,black,0.00E+00,1.00E+00,1.00E+00,0.00E+00,0.00E+00
43,2.10E+01,1.20E+01,black,0.00E+00,0.00E+00,1.00E+00,0.00E+00,1.25E+03
44,1.90E+01,9.00E+00,white,0.00E+00,1.00E+00,1.00E+00,0.00E+00,1.32E+04
45,1.70E+01,8.00E+00,black,0.00E+00,1.00E+00,1.00E+00,0.00E+00,8.06E+03
46,1.80E+01,8.00E+00,hispanic,1.00E+00,1.00E+00,1.00E+00,0.00E+00,2.79E+03
47,2.00E+01,1.10E+01,black,0.00E+00,1.00E+00,1.00E+00,0.00E+00,3.97E+03
48,2.50E+01,1.10E+01,black,1.00E+00,1.00E+00,1.00E+00,0.00E+00,0.00E+00
49,1.70E+01,8.00E+00,black,0.00E+00,1.00E+00,1.00E+00,0.00E+00,0.00E+00
50,1.70E+01,9.00E+00,black,0.00E+00,1.00E+00,1.00E+00,0.00E+00,0.00E+00
51,2.50E+01,5.00E+00,black,0.00E+00,1.00E+00,1.00E+00,0.00E+00,1.22E+04
52,2.30E+01,1.20E+01,black,0.00E+00,0.00E+00,1.00E+00,0.00E+00,4.84E+03
53,2.80E+01,8.00E+00,black,0.00E+00,1.00E+00,1.00E+00,0.00E+00,0.00E+00
54,3.10E+01,1.10E+01,black,1.00E+00,1.00E+00,1.00E+00,0.00E+00,8.09E+03
55,1.80E+01,1.10E+01,black,0.00E+00,1.00E+00,1.00E+00,0.00E+00,0.00E+00
56,2.50E+01,1.20E+01,black,0.00E+00,0.00E+00,1.00E+00,0.00E+00,2.35E+03
57,3.00E+01,1.10E+01,black,1.00E+00,1.00E+00,1.00E+00,0.00E+00,5.91E+02
58,1.70E+01,1.00E+01,black,0.00E+00,1.00E+00,1.00E+00,0.00E+00,0.00E+00
59,3.70E+01,9.00E+00,black,0.00E+00,1.00E+00,1.00E+00,0.00E+00,1.07E+03
60,4.10E+01,4.00E+00,black,1.00E+00,1.00E+00,1.00E+00,0.00E+00,7.28E+03
61,4.20E+01,1.40E+01,black,1.00E+00,0.00E+00,1.00E+00,0.00E+00,1.32E+04
62,2.20E+01,1.10E+01,white,0.00E+00,1.00E+00,1.00E+00,0.00E+00,1.05E+03
63,1.70E+01,8.00E+00,black,0.00E+00,1.00E+00,1.00E+00,0.00E+00,0.00E+00
64,2.90E+01,8.00E+00,black,0.00E+00,1.00E+00,1.00E+00,0.00E+00,1.92E+03
65,2.80E+01,1.00E+01,black,0.00E+00,1.00E+00,1.00E+00,2.84E+03,3.20E+03
66,3.50E+01,1.00E+01,black,0.00E+00,1.00E+00,1.00E+00,0.00E+00,4.67E+03
67,2.70E+01,1.10E+01,black,0.00E+00,1.00E+00,1.00E+00,0.00E+00,5.49E+02
68,2.90E+01,4.00E+00,black,0.00E+00,1.00E+00,1.00E+00,0.00E+00,7.63E+02
69,2.80E+01,9.00E+00,black,0.00E+00,1.00E+00,1.00E+00,0.00E+00,1.07E+04
70,2.70E+01,1.10E+01,black,0.00E+00,1.00E+00,1.00E+00,0.00E+00,0.00E+00
71,2.30E+01,7.00E+00,white,0.00E+00,1.00E+00,1.00E+00,0.00E+00,0.00E+00
72,4.50E+01,5.00E+00,black,1.00E+00,1.00E+00,1.00E+00,0.00E+00,8.55E+03
73,2.90E+01,1.30E+01,black,0.00E+00,0.00E+00,1.00E+00,0.00E+00,7.48E+03
74,2.70E+01,9.00E+00,black,0.00E+00,1.00E+00,1.00E+00,0.00E+00,0.00E+00
75,4.60E+01,1.30E+01,black,0.00E+00,0.00E+00,1.00E+00,0.00E+00,6.47E+02
76,1.80E+01,6.00E+00,black,0.00E+00,1.00E+00,1.00E+00,0.00E+00,0.00E+00
77,2.50E+01,1.20E+01,black,0.00E+00,0.00E+00,1.00E+00,0.00E+00,1.20E+04
78,2.80E+01,1.50E+01,black,0.00E+00,0.00E+00,1.00E+00,0.00E+00,9.60E+03
79,3.10E+01,9.00E+00,black,0.00E+00,1.00E+00,1.00E+00,1.70E+03,1.04E+04
80,2.50E+01,1.10E+01,white,0.00E+00,1.00E+00,1.00E+00,0.00E+00,1.88E+04
81,2.20E+01,1.20E+01,black,0.00E+00,0.00E+00,1.00E+00,0.00E+00,1.87E+04
82,2.80E+01,1.10E+01,black,0.00E+00,1.00E+00,1.00E+00,1.28E+03,6.03E+04
83,2.10E+01,9.00E+00,black,0.00E+00,1.00E+00,1.00E+00,0.00E+00,0.00E+00
84,4.00E+01,1.10E+01,black,0.00E+00,1.00E+00,1.00E+00,0.00E+00,2.30E+04
85,2.20E+01,1.10E+01,black,0.00E+00,1.00E+00,1.00E+00,0.00E+00,6.46E+03
86,2.50E+01,1.20E+01,black,0.00E+00,0.00E+00,1.00E+00,0.00E+00,0.00E+00
87,2.70E+01,9.00E+00,black,1.00E+00,1.00E+00,1.00E+00,9.34E+02,1.77E+03
88,2.30E+01,1.00E+01,black,1.00E+00,1.00E+00,1.00E+00,9.36E+02,1.12E+04
89,2.90E+01,1.00E+01,black,0.00E+00,1.00E+00,1.00E+00,4.40E+03,0.00E+00
90,1.80E+01,1.20E+01,black,0.00E+00,0.00E+00,1.00E+00,0.00E+00,2.32E+03
91,3.80E+01,1.20E+01,white,0.00E+00,0.00E+00,1.00E+00,0.00E+00,4.94E+03
92,2.70E+01,1.30E+01,black,0.00E+00,0.00E+00,1.00E+00,0.00E+00,0.00E+00
93,2.70E+01,8.00E+00,black,0.00E+00,1.00E+00,1.00E+00,0.00E+00,0.00E+00
94,3.80E+01,1.10E+01,black,0.00E+00,1.00E+00,1.00E+00,0.00E+00,0.00E+00
95,2.30E+01,8.00E+00,hispanic,0.00E+00,1.00E+00,1.00E+00,0.00E+00,3.88E+03
96,2.60E+01,1.10E+01,black,0.00E+00,1.00E+00,1.00E+00,0.00E+00,1.72E+04
97,4.20E+01,9.00E+00,black,1.00E+00,1.00E+00,1.00E+00,3.06E+03,1.29E+03
98,2.10E+01,1.20E+01,white,0.00E+00,0.00E+00,1.00E+00,0.00E+00,8.05E+03
99,2.50E+01,8.00E+00,black,0.00E+00,1.00E+00,1.00E+00,0.00E+00,0.00E+00
100,3.10E+01,1.10E+01,black,1.00E+00,1.00E+00,1.00E+00,0.00E+00,1.45E+04
101,1.70E+01,1.00E+01,black,0.00E+00,1.00E+00,1.00E+00,0.00E+00,0.00E+00
102,1.90E+01,8.00E+00,black,0.00E+00,1.00E+00,1.00E+00,2.66E+03,9.97E+03
103,2.90E+01,1.40E+01,black,0.00E+00,0.00E+00,1.00E+00,6.80E+02,1.78E+04
104,2.50E+01,1.10E+01,black,0.00E+00,1.00E+00,1.00E+00,0.00E+00,0.00E+00
105,2.10E+01,1.20E+01,black,0.00E+00,0.00E+00,1.00E+00,0.00E+00,9.98E+03
106,4.40E+01,1.10E+01,black,0.00E+00,1.00E+00,1.00E+00,0.00E+00,0.00E+00
107,1.90E+01,1.00E+01,black,0.00E+00,1.00E+00,1.00E+00,3.85E+02,8.12E+03
108,2.50E+01,1.20E+01,white,0.00E+00,0.00E+00,1.00E+00,0.00E+00,5.59E+03
109,1.80E+01,1.00E+01,black,0.00E+00,1.00E+00,1.00E+00,7.99E+02,9.74E+03
110,1.80E+01,9.00E+00,black,0.00E+00,1.00E+00,1.00E+00,0.00E+00,4.48E+03
111,1.90E+01,9.00E+00,black,0.00E+00,1.00E+00,1.00E+00,7.99E+02,1.77E+04
112,1.80E+01,9.00E+00,black,0.00E+00,1.00E+00,1.00E+00,3.29E+03,5.01E+03
113,2.60E+01,1.10E+01,black,1.00E+00,1.00E+00,1.00E+00,1.39E+03,1.46E+03
114,4.20E+01,1.20E+01,black,0.00E+00,0.00E+00,1.00E+00,0.00E+00,2.46E+03
115,2.50E+01,1.00E+01,black,0.00E+00,1.00E+00,1.00E+00,0.00E+00,0.00E+00
116,3.10E+01,9.00E+00,hispanic,0.00E+00,1.00E+00,1.00E+00,0.00E+00,2.68E+04
117,2.40E+01,1.00E+01,black,0.00E+00,1.00E+00,1.00E+00,0.00E+00,0.00E+00
118,2.60E+01,1.00E+01,black,0.00E+00,1.00E+00,1.00E+00,0.00E+00,9.27E+03
119,2.00E+01,1.20E+01,black,0.00E+00,0.00E+00,1.00E+00,3.78E+02,1.65E+03
120,1.90E+01,1.00E+01,white,0.00E+00,1.00E+00,1.00E+00,5.32E+03,1.38E+04
121,2.50E+01,1.10E+01,black,0.00E+00,1.00E+00,1.00E+00,0.00E+00,4.85E+02
122,2.30E+01,8.00E+00,white,1.00E+00,1.00E+00,1.00E+00,1.71E+03,4.23E+03
123,3.10E+01,1.20E+01,white,0.00E+00,0.00E+00,1.00E+00,2.61E+03,2.48E+03
124,1.80E+01,1.10E+01,black,0.00E+00,1.00E+00,1.00E+00,0.00E+00,4.81E+03
125,1.90E+01,1.10E+01,black,0.00E+00,1.00E+00,1.00E+00,0.00E+00,7.46E+03
126,4.30E+01,9.00E+00,black,0.00E+00,1.00E+00,1.00E+00,0.00E+00,0.00E+00
127,2.70E+01,1.30E+01,black,0.00E+00,0.00E+00,1.00E+00,0.00E+00,3.41E+04
128,2.60E+01,1.10E+01,white,0.00E+00,1.00E+00,1.00E+00,2.23E+03,1.34E+04
129,2.90E+01,1.00E+01,hispanic,0.00E+00,1.00E+00,1.00E+00,8.85E+03,5.11E+03
130,1.70E+01,9.00E+00,black,0.00E+00,1.00E+00,1.00E+00,0.00E+00,1.95E+03
131,3.00E+01,1.10E+01,black,0.00E+00,1.00E+00,1.00E+00,0.00E+00,0.00E+00
132,1.70E+01,1.00E+01,black,0.00E+00,1.00E+00,1.00E+00,1.57E+02,1.06E+04
133,2.00E+01,1.20E+01,white,1.00E+00,0.00E+00,1.00E+00,8.64E+03,1.17E+04
134,1.70E+01,9.00E+00,black,0.00E+00,1.00E+00,1.00E+00,3.75E+02,3.62E+03
135,1.80E+01,1.20E+01,black,0.00E+00,0.00E+00,1.00E+00,5.63E+02,0.00E+00
136,2.10E+01,1.10E+01,hispanic,0.00E+00,1.00E+00,1.00E+00,1.40E+03,0.00E+00
137,3.00E+01,1.10E+01,black,0.00E+00,1.00E+00,1.00E+00,1.91E+03,0.00E+00
138,1.80E+01,1.10E+01,hispanic,0.00E+00,1.00E+00,1.00E+00,5.49E+03,2.45E+03
139,2.00E+01,1.20E+01,black,0.00E+00,0.00E+00,1.00E+00,9.23E+03,0.00E+00
140,2.00E+01,6.00E+00,hispanic,1.00E+00,1.00E+00,1.00E+00,1.08E+04,4.49E+03
141,2.00E+01,1.00E+01,black,0.00E+00,1.00E+00,1.00E+00,1.11E+04,0.00E+00
142,2.50E+01,8.00E+00,black,0.00E+00,1.00E+00,1.00E+00,3.74E+04,2.35E+03
143,1.70E+01,9.00E+00,white,0.00E+00,1.00E+00,1.00E+00,1.62E+03,6.01E+03
144,1.80E+01,1.00E+01,hispanic,0.00E+00,1.00E+00,1.00E+00,2.59E+03,0.00E+00
145,1.90E+01,9.00E+00,hispanic,0.00E+00,1.00E+00,1.00E+00,6.51E+03,7.91E+03
146,1.90E+01,1.10E+01,black,0.00E+00,1.00E+00,1.00E+00,1.93E+02,6.61E+02
147,2.70E+01,1.00E+01,hispanic,0.00E+00,1.00E+00,1.00E+00,4.21E+02,3.08E+03
148,1.80E+01,1.20E+01,hispanic,0.00E+00,0.00E+00,1.00E+00,5.36E+02,1.12E+03
149,2.20E+01,1.10E+01,black,0.00E+00,1.00E+00,1.00E+00,6.07E+02,3.18E+02
150,2.00E+01,9.00E+00,black,0.00E+00,1.00E+00,1.00E+00,6.61E+02,1.22E+04
151,2.00E+01,1.10E+01,black,0.00E+00,1.00E+00,1.00E+00,6.96E+02,0.00E+00
152,1.80E+01,1.00E+01,black,0.00E+00,1.00E+00,1.00E+00,7.00E+02,4.81E+02
153,1.70E+01,1.00E+01,black,0.00E+00,1.00E+00,1.00E+00,8.57E+02,3.25E+03
154,2.60E+01,1.20E+01,black,0.00E+00,0.00E+00,1.00E+00,1.09E+03,1.15E+04
155,2.20E+01,1.00E+01,black,0.00E+00,1.00E+00,1.00E+00,1.07E+03,7.32E+03
156,2.00E+01,1.20E+01,black,0.00E+00,0.00E+00,1.00E+00,1.16E+03,7.02E+02
157,1.80E+01,8.00E+00,black,0.00E+00,1.00E+00,1.00E+00,1.20E+03,0.00E+00
158,1.80E+01,9.00E+00,black,0.00E+00,1.00E+00,1.00E+00,1.29E+03,1.54E+04
159,1.80E+01,1.00E+01,black,0.00E+00,1.00E+00,1.00E+00,1.37E+03,1.21E+04
160,1.90E+01,1.00E+01,black,0.00E+00,1.00E+00,1.00E+00,1.37E+03,1.33E+04
161,1.80E+01,9.00E+00,hispanic,0.00E+00,1.00E+00,1.00E+00,1.71E+03,8.84E+03
162,1.70E+01,1.00E+01,hispanic,0.00E+00,1.00E+00,1.00E+00,2.20E+03,4.39E+03
163,1.90E+01,1.10E+01,black,0.00E+00,1.00E+00,1.00E+00,1.93E+03,1.20E+04
164,2.70E+01,1.10E+01,black,1.00E+00,1.00E+00,1.00E+00,2.14E+03,2.19E+03
165,1.90E+01,1.00E+01,black,0.00E+00,1.00E+00,1.00E+00,3.21E+03,2.98E+03
166,1.90E+01,9.00E+00,hispanic,0.00E+00,1.00E+00,1.00E+00,3.28E+03,1.43E+04
167,2.70E+01,1.00E+01,black,0.00E+00,1.00E+00,1.00E+00,3.21E+03,2.09E+03
168,2.10E+01,1.10E+01,black,1.00E+00,1.00E+00,1.00E+00,4.17E+03,1.13E+04
169,2.90E+01,1.00E+01,black,1.00E+00,1.00E+00,1.00E+00,4.92E+03,1.31E+02
170,3.40E+01,1.10E+01,hispanic,0.00E+00,1.00E+00,1.00E+00,4.64E+03,2.88E+03
171,2.50E+01,1.00E+01,white,0.00E+00,1.00E+00,1.00E+00,4.71E+03,6.10E+03
172,3.10E+01,1.30E+01,white,0.00E+00,0.00E+00,1.00E+00,5.50E+03,2.33E+03
173,4.10E+01,9.00E+00,black,1.00E+00,1.00E+00,1.00E+00,5.78E+03,0.00E+00
174,2.10E+01,1.10E+01,hispanic,0.00E+00,1.00E+00,1.00E+00,6.66E+03,9.38E+03
175,2.00E+01,1.10E+01,black,0.00E+00,1.00E+00,1.00E+00,6.43E+03,1.65E+04
176,2.40E+01,1.20E+01,hispanic,1.00E+00,0.00E+00,1.00E+00,7.21E+03,6.49E+03
177,4.10E+01,9.00E+00,black,1.00E+00,1.00E+00,1.00E+00,7.21E+03,3.15E+03
178,2.10E+01,1.20E+01,white,0.00E+00,0.00E+00,1.00E+00,7.39E+03,3.56E+03
179,2.20E+01,1.10E+01,black,0.00E+00,1.00E+00,1.00E+00,7.50E+03,6.69E+02
180,2.00E+01,9.00E+00,hispanic,0.00E+00,1.00E+00,1.00E+00,8.02E+03,5.49E+03
181,1.70E+01,1.10E+01,black,0.00E+00,1.00E+00,1.00E+00,8.50E+03,9.02E+03
182,2.40E+01,1.10E+01,black,0.00E+00,1.00E+00,1.00E+00,9.18E+03,0.00E+00
183,2.30E+01,1.20E+01,black,1.00E+00,0.00E+00,1.00E+00,1.51E+04,1.03E+04
184,2.30E+01,1.00E+01,black,0.00E+00,1.00E+00,1.00E+00,1.57E+04,5.67E+03
185,2.60E+01,1.10E+01,white,0.00E+00,1.00E+00,1.00E+00,2.30E+04,2.75E+03
186,2.10E+01,1.30E+01,black,0.00E+00,0.00E+00,1.00E+00,2.48E+04,8.80E+03
187,1.80E+01,1.00E+01,black,1.00E+00,1.00E+00,1.00E+00,1.96E+03,1.10E+04
188,2.20E+01,1.00E+01,black,0.00E+00,1.00E+00,1.00E+00,6.54E+02,1.11E+04
189,1.70E+01,1.00E+01,black,0.00E+00,1.00E+00,1.00E+00,1.00E+03,1.43E+03
190,2.00E+01,7.00E+00,black,0.00E+00,1.00E+00,1.00E+00,1.57E+03,5.52E+03
191,1.70E+01,9.00E+00,black,0.00E+00,1.00E+00,1.00E+00,1.67E+03,5.59E+03
192,2.30E+01,1.10E+01,black,0.00E+00,1.00E+00,1.00E+00,1.96E+03,3.69E+03
193,3.20E+01,1.00E+01,black,0.00E+00,1.00E+00,1.00E+00,2.32E+03,1.79E+02
194,1.90E+01,1.20E+01,black,0.00E+00,0.00E+00,1.00E+00,2.53E+03,4.55E+03
195,3.00E+01,1.00E+01,black,0.00E+00,1.00E+00,1.00E+00,2.62E+03,0.00E+00
196,2.50E+01,1.20E+01,black,0.00E+00,0.00E+00,1.00E+00,2.75E+03,2.09E+03
197,2.60E+01,1.10E+01,white,0.00E+00,1.00E+00,1.00E+00,4.68E+03,1.97E+03
198,1.90E+01,1.00E+01,black,0.00E+00,1.00E+00,1.00E+00,3.47E+03,5.86E+03
199,1.90E+01,8.00E+00,white,0.00E+00,1.00E+00,1.00E+00,3.42E+03,9.25E+03
200,2.00E+01,1.00E+01,black,0.00E+00,1.00E+00,1.00E+00,5.10E+03,1.36E+04
201,2.10E+01,1.10E+01,black,0.00E+00,1.00E+00,1.00E+00,5.31E+03,7.91E+03
202,2.30E+01,1.20E+01,black,0.00E+00,0.00E+00,1.00E+00,7.84E+03,7.95E+03
203,1.90E+01,1.10E+01,black,0.00E+00,1.00E+00,1.00E+00,6.41E+03,1.16E+04
204,2.20E+01,1.10E+01,black,0.00E+00,1.00E+00,1.00E+00,8.77E+03,1.83E+04
205,2.30E+01,1.20E+01,black,0.00E+00,0.00E+00,1.00E+00,7.78E+03,1.44E+04
206,2.60E+01,1.00E+01,black,1.00E+00,1.00E+00,1.00E+00,8.14E+03,4.64E+03
207,2.40E+01,1.20E+01,black,0.00E+00,0.00E+00,1.00E+00,1.30E+04,0.00E+00
208,1.80E+01,1.00E+01,hispanic,0.00E+00,1.00E+00,1.00E+00,1.26E+04,0.00E+00
209,2.70E+01,1.10E+01,black,0.00E+00,1.00E+00,1.00E+00,1.42E+04,7.66E+03
210,2.10E+01,1.10E+01,hispanic,0.00E+00,1.00E+00,1.00E+00,1.80E+04,1.52E+04
211,2.50E+01,8.00E+00,white,0.00E+00,1.00E+00,1.00E+00,2.31E+04,6.42E+03
212,2.10E+01,1.20E+01,black,0.00E+00,0.00E+00,1.00E+00,8.08E+02,4.35E+03
213,1.90E+01,1.10E+01,black,0.00E+00,1.00E+00,1.00E+00,5.32E+02,0.00E+00
214,1.80E+01,1.10E+01,black,0.00E+00,1.00E+00,1.00E+00,8.52E+02,0.00E+00
215,3.40E+01,7.00E+00,black,0.00E+00,1.00E+00,1.00E+00,8.58E+02,0.00E+00
216,2.10E+01,1.10E+01,white,0.00E+00,1.00E+00,1.00E+00,9.46E+02,1.14E+04
217,2.50E+01,9.00E+00,black,0.00E+00,1.00E+00,1.00E+00,1.54E+03,1.71E+03
218,1.70E+01,9.00E+00,black,0.00E+00,1.00E+00,1.00E+00,1.34E+03,1.37E+03
219,2.80E+01,8.00E+00,black,0.00E+00,1.00E+00,1.00E+00,1.18E+03,7.78E+03
220,1.80E+01,9.00E+00,black,0.00E+00,1.00E+00,1.00E+00,1.18E+03,5.10E+03
221,2.70E+01,1.20E+01,black,0.00E+00,0.00E+00,1.00E+00,4.31E+03,0.00E+00
222,2.30E+01,9.00E+00,black,0.00E+00,1.00E+00,1.00E+00,1.77E+03,1.15E+04
223,1.90E+01,8.00E+00,hispanic,0.00E+00,1.00E+00,1.00E+00,1.86E+03,8.77E+03
224,2.10E+01,1.10E+01,black,0.00E+00,1.00E+00,1.00E+00,2.16E+03,0.00E+00
225,2.10E+01,1.10E+01,black,0.00E+00,1.00E+00,1.00E+00,2.22E+03,4.08E+03
226,2.30E+01,1.00E+01,black,0.00E+00,1.00E+00,1.00E+00,2.22E+03,0.00E+00
227,2.70E+01,9.00E+00,black,0.00E+00,1.00E+00,1.00E+00,2.29E+03,2.02E+03
228,2.70E+01,1.10E+01,black,0.00E+00,1.00E+00,1.00E+00,2.48E+03,0.00E+00
229,2.30E+01,1.20E+01,white,0.00E+00,0.00E+00,1.00E+00,3.90E+03,7.97E+02
230,2.70E+01,8.00E+00,black,0.00E+00,1.00E+00,1.00E+00,7.22E+03,7.98E+03
231,2.80E+01,1.10E+01,black,1.00E+00,1.00E+00,1.00E+00,6.95E+03,7.32E+03
232,2.50E+01,1.20E+01,black,0.00E+00,0.00E+00,1.00E+00,5.20E+03,0.00E+00
233,2.00E+01,1.20E+01,black,0.00E+00,0.00E+00,1.00E+00,6.09E+03,9.75E+03
234,2.60E+01,1.20E+01,black,0.00E+00,0.00E+00,1.00E+00,6.61E+03,5.81E+03
235,2.30E+01,1.00E+01,black,1.00E+00,1.00E+00,1.00E+00,1.05E+04,3.39E+03
236,4.90E+01,8.00E+00,white,1.00E+00,1.00E+00,1.00E+00,7.29E+03,1.67E+04
237,1.90E+01,1.10E+01,black,0.00E+00,1.00E+00,1.00E+00,1.02E+04,1.13E+04
238,2.10E+01,1.30E+01,white,0.00E+00,0.00E+00,1.00E+00,8.62E+03,9.96E+01
239,2.70E+01,1.20E+01,black,1.00E+00,0.00E+00,1.00E+00,7.81E+03,2.78E+03
240,2.30E+01,1.10E+01,black,0.00E+00,1.00E+00,1.00E+00,8.96E+03,1.66E+03
241,2.20E+01,1.10E+01,black,0.00E+00,1.00E+00,1.00E+00,1.22E+04,8.41E+03
242,2.40E+01,1.50E+01,black,0.00E+00,0.00E+00,1.00E+00,1.30E+04,1.47E+04
243,2.40E+01,1.20E+01,black,0.00E+00,0.00E+00,1.00E+00,1.82E+04,0.00E+00
244,1.80E+01,1.10E+01,black,0.00E+00,1.00E+00,1.00E+00,2.15E+02,9.30E+02
245,1.70E+01,1.00E+01,black,0.00E+00,1.00E+00,1.00E+00,5.79E+03,5.52E+03
246,1.70E+01,9.00E+00,black,0.00E+00,1.00E+00,1.00E+00,1.25E+03,5.45E+03
247,2.80E+01,1.10E+01,black,0.00E+00,1.00E+00,1.00E+00,6.87E+03,0.00E+00
248,2.70E+01,1.10E+01,black,0.00E+00,1.00E+00,1.00E+00,2.67E+03,0.00E+00
249,1.90E+01,1.10E+01,black,0.00E+00,1.00E+00,1.00E+00,2.62E+03,4.15E+03
250,1.80E+01,1.10E+01,white,0.00E+00,1.00E+00,1.00E+00,9.20E+02,4.32E+03
251,2.40E+01,1.00E+01,black,0.00E+00,1.00E+00,1.00E+00,2.42E+03,1.66E+03
252,2.30E+01,1.20E+01,black,0.00E+00,0.00E+00,1.00E+00,3.04E+03,8.48E+03
253,2.10E+01,9.00E+00,black,0.00E+00,1.00E+00,1.00E+00,5.75E+03,7.44E+02
254,2.10E+01,1.20E+01,black,0.00E+00,0.00E+00,1.00E+00,3.33E+03,9.37E+03
255,2.40E+01,9.00E+00,black,0.00E+00,1.00E+00,1.00E+00,2.29E+03,4.85E+03
256,2.00E+01,9.00E+00,hispanic,0.00E+00,1.00E+00,1.00E+00,5.88E+03,1.36E+03
257,2.50E+01,1.30E+01,black,0.00E+00,0.00E+00,1.00E+00,3.09E+03,0.00E+00
258,3.50E+01,8.00E+00,black,1.00E+00,1.00E+00,1.00E+00,1.80E+04,3.79E+03
259,1.70E+01,9.00E+00,hispanic,0.00E+00,1.00E+00,1.00E+00,7.43E+01,6.21E+03
260,2.40E+01,1.10E+01,black,1.00E+00,1.00E+00,1.00E+00,1.67E+03,4.03E+03
261,2.00E+01,1.20E+01,black,0.00E+00,0.00E+00,1.00E+00,1.65E+02,0.00E+00
262,2.10E+01,8.00E+00,black,0.00E+00,1.00E+00,1.00E+00,3.70E+03,4.28E+03
263,1.80E+01,1.00E+01,black,0.00E+00,1.00E+00,1.00E+00,1.78E+03,1.11E+04
264,2.70E+01,1.20E+01,black,0.00E+00,0.00E+00,1.00E+00,3.58E+02,2.22E+04
265,2.20E+01,9.00E+00,black,0.00E+00,1.00E+00,1.00E+00,3.84E+03,3.46E+03
266,4.60E+01,8.00E+00,black,0.00E+00,1.00E+00,1.00E+00,2.59E+03,0.00E+00
267,1.90E+01,1.00E+01,black,0.00E+00,1.00E+00,1.00E+00,6.06E+03,0.00E+00
268,1.90E+01,1.10E+01,hispanic,1.00E+00,1.00E+00,1.00E+00,5.46E+03,6.79E+03
269,2.20E+01,1.20E+01,black,0.00E+00,0.00E+00,1.00E+00,9.36E+02,0.00E+00
270,2.20E+01,1.20E+01,white,0.00E+00,0.00E+00,1.00E+00,8.46E+03,1.26E+04
271,2.60E+01,1.20E+01,black,1.00E+00,0.00E+00,1.00E+00,5.79E+03,1.42E+03
272,2.90E+01,1.20E+01,black,0.00E+00,0.00E+00,1.00E+00,4.88E+03,1.10E+04
273,3.10E+01,9.00E+00,black,0.00E+00,1.00E+00,1.00E+00,5.52E+03,9.56E+03
274,2.90E+01,1.20E+01,black,0.00E+00,0.00E+00,1.00E+00,1.82E+03,0.00E+00
275,3.50E+01,9.00E+00,black,1.00E+00,1.00E+00,1.00E+00,1.38E+04,1.28E+04
276,2.50E+01,1.20E+01,black,0.00E+00,0.00E+00,1.00E+00,2.41E+03,0.00E+00
277,2.20E+01,1.20E+01,hispanic,1.00E+00,0.00E+00,1.00E+00,7.06E+03,1.01E+04
278,2.70E+01,1.00E+01,black,0.00E+00,1.00E+00,1.00E+00,3.55E+03,0.00E+00
279,2.20E+01,1.00E+01,black,1.00E+00,1.00E+00,1.00E+00,5.59E+03,1.32E+04
280,1.90E+01,8.00E+00,black,0.00E+00,1.00E+00,1.00E+00,2.94E+03,7.54E+03
281,2.00E+01,1.10E+01,black,0.00E+00,1.00E+00,1.00E+00,1.22E+03,1.09E+03
282,2.10E+01,1.20E+01,white,0.00E+00,0.00E+00,1.00E+00,3.34E+02,1.26E+04
283,2.70E+01,1.20E+01,black,1.00E+00,0.00E+00,1.00E+00,3.34E+02,0.00E+00
284,2.00E+01,1.00E+01,black,0.00E+00,1.00E+00,1.00E+00,2.78E+03,5.62E+03
285,2.30E+01,1.20E+01,black,0.00E+00,0.00E+00,1.00E+00,5.01E+02,6.71E+02
286,2.70E+01,1.30E+01,white,1.00E+00,0.00E+00,1.00E+00,8.54E+02,0.00E+00
287,2.30E+01,1.20E+01,hispanic,0.00E+00,0.00E+00,1.00E+00,1.12E+03,5.59E+02
288,2.40E+01,1.20E+01,black,0.00E+00,0.00E+00,1.00E+00,2.84E+03,6.17E+03
289,2.00E+01,1.10E+01,black,0.00E+00,1.00E+00,1.00E+00,1.48E+03,6.94E+03
290,2.60E+01,1.00E+01,black,0.00E+00,1.00E+00,1.00E+00,6.79E+03,6.73E+02
291,2.50E+01,1.40E+01,black,1.00E+00,0.00E+00,1.00E+00,1.15E+04,3.66E+04
292,2.60E+01,1.00E+01,black,1.00E+00,1.00E+00,1.00E+00,0.00E+00,0.00E+00
293,2.00E+01,9.00E+00,black,0.00E+00,1.00E+00,1.00E+00,0.00E+00,8.88E+03
294,3.10E+01,4.00E+00,black,0.00E+00,1.00E+00,1.00E+00,4.02E+03,7.38E+03
295,2.40E+01,1.00E+01,black,1.00E+00,1.00E+00,1.00E+00,4.08E+03,0.00E+00
296,3.30E+01,1.10E+01,black,1.00E+00,1.00E+00,1.00E+00,2.51E+04,4.18E+03
297,3.30E+01,1.20E+01,black,1.00E+00,0.00E+00,1.00E+00,1.09E+04,1.60E+04
298,2.30E+01,1.00E+01,black,0.00E+00,1.00E+00,0.00E+00,0.00E+00,0.00E+00
299,2.60E+01,1.20E+01,white,0.00E+00,0.00E+00,0.00E+00,0.00E+00,1.24E+04
300,2.20E+01,9.00E+00,black,0.00E+00,1.00E+00,0.00E+00,0.00E+00,0.00E+00
301,3.40E+01,9.00E+00,black,0.00E+00,1.00E+00,0.00E+00,4.37E+03,1.41E+04
302,1.80E+01,9.00E+00,black,0.00E+00,1.00E+00,0.00E+00,0.00E+00,1.07E+04
303,4.50E+01,1.10E+01,black,0.00E+00,1.00E+00,0.00E+00,0.00E+00,1.18E+04
304,1.80E+01,9.00E+00,black,0.00E+00,1.00E+00,0.00E+00,0.00E+00,9.23E+03
305,2.70E+01,1.20E+01,black,0.00E+00,0.00E+00,0.00E+00,2.48E+03,3.55E+03
306,2.40E+01,8.00E+00,white,0.00E+00,1.00E+00,0.00E+00,0.00E+00,1.06E+04
307,3.40E+01,1.10E+01,black,1.00E+00,1.00E+00,0.00E+00,0.00E+00,6.04E+03
308,2.00E+01,1.30E+01,black,0.00E+00,0.00E+00,0.00E+00,8.97E+03,9.20E+03
309,2.40E+01,4.00E+00,hispanic,0.00E+00,1.00E+00,0.00E+00,0.00E+00,3.88E+03
310,2.80E+01,1.20E+01,white,0.00E+00,0.00E+00,0.00E+00,8.03E+02,1.65E+04
311,2.10E+01,1.00E+01,black,0.00E+00,1.00E+00,0.00E+00,9.23E+02,0.00E+00
312,2.80E+01,1.20E+01,black,1.00E+00,0.00E+00,0.00E+00,2.90E+04,1.01E+04
313,2.00E+01,1.20E+01,black,0.00E+00,0.00E+00,0.00E+00,6.00E+03,4.78E+03
314,2.30E+01,8.00E+00,black,0.00E+00,1.00E+00,0.00E+00,3.40E+03,0.00E+00
315,2.10E+01,1.10E+01,black,1.00E+00,1.00E+00,0.00E+00,7.24E+03,8.98E+03
316,3.60E+01,1.00E+01,black,0.00E+00,1.00E+00,0.00E+00,0.00E+00,0.00E+00
317,1.80E+01,1.20E+01,white,0.00E+00,0.00E+00,0.00E+00,7.35E+02,2.50E+03
318,2.10E+01,1.40E+01,black,0.00E+00,0.00E+00,0.00E+00,0.00E+00,5.78E+03
319,3.00E+01,1.30E+01,black,0.00E+00,0.00E+00,0.00E+00,5.57E+03,0.00E+00
320,2.60E+01,1.10E+01,hispanic,0.00E+00,1.00E+00,0.00E+00,1.49E+03,0.00E+00
321,2.80E+01,9.00E+00,black,0.00E+00,1.00E+00,0.00E+00,0.00E+00,0.00E+00
322,3.10E+01,4.00E+00,white,0.00E+00,1.00E+00,0.00E+00,1.07E+04,0.00E+00
323,1.80E+01,1.20E+01,black,0.00E+00,0.00E+00,0.00E+00,6.43E+02,1.44E+04
324,2.70E+01,7.00E+00,black,1.00E+00,1.00E+00,0.00E+00,0.00E+00,0.00E+00
325,1.90E+01,1.10E+01,white,0.00E+00,1.00E+00,0.00E+00,0.00E+00,0.00E+00
326,2.00E+01,8.00E+00,black,0.00E+00,1.00E+00,0.00E+00,0.00E+00,0.00E+00
327,2.80E+01,8.00E+00,black,0.00E+00,1.00E+00,0.00E+00,1.06E+04,4.62E+03
328,3.40E+01,1.20E+01,black,0.00E+00,0.00E+00,0.00E+00,0.00E+00,2.11E+03
329,2.40E+01,1.00E+01,black,0.00E+00,1.00E+00,0.00E+00,0.00E+00,7.62E+03
330,2.40E+01,9.00E+00,black,0.00E+00,1.00E+00,0.00E+00,0.00E+00,1.65E+04
331,2.20E+01,8.00E+00,hispanic,0.00E+00,1.00E+00,0.00E+00,0.00E+00,9.92E+03
332,2.50E+01,1.10E+01,black,0.00E+00,1.00E+00,0.00E+00,0.00E+00,4.20E+03
333,2.00E+01,1.10E+01,white,0.00E+00,1.00E+00,0.00E+00,1.18E+03,8.74E+03
334,2.10E+01,9.00E+00,black,0.00E+00,1.00E+00,0.00E+00,0.00E+00,3.34E+03
335,1.90E+01,1.20E+01,black,0.00E+00,0.00E+00,0.00E+00,2.81E+03,1.72E+03
336,3.90E+01,9.00E+00,black,0.00E+00,1.00E+00,0.00E+00,0.00E+00,0.00E+00
337,1.90E+01,9.00E+00,black,1.00E+00,1.00E+00,0.00E+00,0.00E+00,1.67E+04
338,2.40E+01,1.00E+01,black,0.00E+00,1.00E+00,0.00E+00,1.31E+03,0.00E+00
339,4.40E+01,9.00E+00,black,0.00E+00,1.00E+00,0.00E+00,0.00E+00,9.72E+03
340,2.30E+01,1.10E+01,black,0.00E+00,1.00E+00,0.00E+00,1.90E+03,5.57E+03
341,2.20E+01,1.20E+01,black,0.00E+00,0.00E+00,0.00E+00,5.32E+02,1.33E+03
342,2.70E+01,8.00E+00,black,0.00E+00,1.00E+00,0.00E+00,0.00E+00,3.78E+03
343,2.70E+01,1.10E+01,black,1.00E+00,1.00E+00,0.00E+00,1.12E+03,2.16E+02
344,1.80E+01,9.00E+00,black,0.00E+00,1.00E+00,0.00E+00,1.61E+03,0.00E+00
345,2.50E+01,8.00E+00,black,0.00E+00,1.00E+00,0.00E+00,0.00E+00,3.52E+03
346,3.10E+01,1.00E+01,black,0.00E+00,1.00E+00,0.00E+00,0.00E+00,1.70E+04
347,2.80E+01,1.00E+01,black,0.00E+00,1.00E+00,0.00E+00,6.57E+03,5.44E+03
348,2.60E+01,1.00E+01,black,1.00E+00,1.00E+00,0.00E+00,5.59E+02,0.00E+00
349,3.00E+01,8.00E+00,black,0.00E+00,1.00E+00,0.00E+00,1.71E+03,0.00E+00
350,2.80E+01,1.10E+01,hispanic,1.00E+00,1.00E+00,0.00E+00,0.00E+00,6.77E+03
351,3.40E+01,1.00E+01,black,1.00E+00,1.00E+00,0.00E+00,0.00E+00,0.00E+00
352,2.10E+01,7.00E+00,hispanic,0.00E+00,1.00E+00,0.00E+00,0.00E+00,0.00E+00
353,3.30E+01,1.20E+01,black,0.00E+00,0.00E+00,0.00E+00,0.00E+00,5.97E+03
354,1.90E+01,9.00E+00,black,0.00E+00,1.00E+00,0.00E+00,1.78E+03,7.17E+03
355,2.00E+01,1.10E+01,black,0.00E+00,1.00E+00,0.00E+00,7.97E+03,0.00E+00
356,1.80E+01,1.00E+01,hispanic,0.00E+00,1.00E+00,0.00E+00,0.00E+00,1.86E+03
357,2.70E+01,1.20E+01,black,1.00E+00,0.00E+00,0.00E+00,7.52E+02,0.00E+00
358,2.60E+01,1.20E+01,black,1.00E+00,0.00E+00,0.00E+00,0.00E+00,6.19E+03
359,2.40E+01,9.00E+00,black,0.00E+00,1.00E+00,0.00E+00,9.66E+03,0.00E+00
360,3.10E+01,1.20E+01,black,0.00E+00,0.00E+00,0.00E+00,0.00E+00,7.28E+03
361,2.20E+01,1.20E+01,black,0.00E+00,0.00E+00,0.00E+00,2.16E+03,0.00E+00
362,2.80E+01,1.40E+01,black,0.00E+00,0.00E+00,0.00E+00,6.54E+03,3.12E+03
363,3.50E+01,1.00E+01,black,0.00E+00,1.00E+00,0.00E+00,0.00E+00,4.46E+02
364,2.00E+01,1.20E+01,black,0.00E+00,0.00E+00,0.00E+00,0.00E+00,0.00E+00
365,3.00E+01,9.00E+00,white,0.00E+00,1.00E+00,0.00E+00,3.14E+03,1.32E+03
366,2.50E+01,1.10E+01,black,0.00E+00,1.00E+00,0.00E+00,0.00E+00,0.00E+00
367,2.50E+01,1.00E+01,black,0.00E+00,1.00E+00,0.00E+00,0.00E+00,7.37E+03
368,3.50E+01,1.10E+01,black,0.00E+00,1.00E+00,0.00E+00,0.00E+00,0.00E+00
369,2.20E+01,8.00E+00,black,0.00E+00,1.00E+00,0.00E+00,6.15E+03,0.00E+00
370,2.10E+01,1.20E+01,black,0.00E+00,0.00E+00,0.00E+00,4.49E+02,0.00E+00
371,2.00E+01,1.00E+01,black,0.00E+00,1.00E+00,0.00E+00,0.00E+00,2.02E+03
372,2.10E+01,8.00E+00,black,0.00E+00,1.00E+00,0.00E+00,2.24E+03,1.76E+03
373,2.50E+01,9.00E+00,hispanic,0.00E+00,1.00E+00,0.00E+00,0.00E+00,1.58E+04
374,2.40E+01,1.00E+01,hispanic,0.00E+00,1.00E+00,0.00E+00,3.00E+03,5.35E+03
375,3.30E+01,1.10E+01,black,0.00E+00,1.00E+00,0.00E+00,2.90E+03,1.89E+04
376,2.10E+01,9.00E+00,black,0.00E+00,1.00E+00,0.00E+00,1.24E+04,0.00E+00
377,2.70E+01,1.10E+01,black,1.00E+00,1.00E+00,0.00E+00,4.49E+03,0.00E+00
378,2.70E+01,1.00E+01,black,0.00E+00,1.00E+00,0.00E+00,0.00E+00,1.14E+03
379,2.00E+01,1.10E+01,hispanic,0.00E+00,1.00E+00,0.00E+00,0.00E+00,6.38E+03
380,2.50E+01,1.30E+01,black,0.00E+00,0.00E+00,0.00E+00,1.02E+04,1.00E+04
381,1.80E+01,1.10E+01,black,0.00E+00,1.00E+00,0.00E+00,6.45E+02,5.50E+03
382,2.60E+01,1.10E+01,black,0.00E+00,1.00E+00,0.00E+00,0.00E+00,7.18E+03
383,3.80E+01,8.00E+00,black,0.00E+00,1.00E+00,0.00E+00,0.00E+00,0.00E+00
384,2.10E+01,1.10E+01,black,1.00E+00,1.00E+00,0.00E+00,7.65E+03,8.40E+03
385,3.40E+01,1.10E+01,black,0.00E+00,1.00E+00,0.00E+00,8.91E+03,5.61E+03
386,2.10E+01,1.00E+01,black,0.00E+00,1.00E+00,0.00E+00,1.16E+03,3.95E+04
387,3.10E+01,1.30E+01,black,0.00E+00,0.00E+00,0.00E+00,1.04E+04,7.40E+03
388,3.40E+01,1.00E+01,black,0.00E+00,1.00E+00,0.00E+00,0.00E+00,7.95E+03
389,2.50E+01,1.10E+01,black,0.00E+00,1.00E+00,0.00E+00,3.65E+03,0.00E+00
390,2.40E+01,9.00E+00,black,0.00E+00,1.00E+00,0.00E+00,1.28E+03,8.64E+03
391,1.90E+01,1.20E+01,black,0.00E+00,0.00E+00,0.00E+00,0.00E+00,0.00E+00
392,3.20E+01,8.00E+00,black,0.00E+00,1.00E+00,0.00E+00,0.00E+00,7.15E+03
393,2.00E+01,9.00E+00,hispanic,0.00E+00,1.00E+00,0.00E+00,0.00E+00,8.33E+03
394,2.30E+01,1.00E+01,black,0.00E+00,1.00E+00,0.00E+00,0.00E+00,0.00E+00
395,3.80E+01,1.00E+01,black,0.00E+00,1.00E+00,0.00E+00,0.00E+00,1.24E+04
396,2.40E+01,1.10E+01,black,0.00E+00,1.00E+00,0.00E+00,0.00E+00,0.00E+00
397,1.90E+01,1.00E+01,hispanic,0.00E+00,1.00E+00,0.00E+00,1.20E+03,1.12E+04
398,2.30E+01,1.10E+01,black,0.00E+00,1.00E+00,0.00E+00,0.00E+00,5.09E+03
399,2.00E+01,7.00E+00,hispanic,0.00E+00,1.00E+00,0.00E+00,0.00E+00,4.37E+03
400,2.50E+01,1.00E+01,black,1.00E+00,1.00E+00,0.00E+00,9.32E+03,0.00E+00
401,2.10E+01,1.10E+01,black,0.00E+00,1.00E+00,0.00E+00,0.00E+00,1.55E+03
402,2.50E+01,1.00E+01,black,0.00E+00,1.00E+00,0.00E+00,0.00E+00,0.00E+00
403,2.20E+01,1.10E+01,black,1.00E+00,1.00E+00,0.00E+00,0.00E+00,1.70E+03
404,2.90E+01,9.00E+00,hispanic,0.00E+00,1.00E+00,0.00E+00,1.63E+04,1.69E+04
405,2.10E+01,1.10E+01,black,0.00E+00,1.00E+00,0.00E+00,1.86E+03,1.16E+04
406,2.10E+01,7.00E+00,black,0.00E+00,1.00E+00,0.00E+00,0.00E+00,1.10E+04
407,2.30E+01,1.10E+01,black,0.00E+00,1.00E+00,0.00E+00,0.00E+00,0.00E+00
408,2.00E+01,1.20E+01,black,0.00E+00,0.00E+00,0.00E+00,1.37E+03,2.09E+04
409,2.10E+01,1.10E+01,hispanic,0.00E+00,1.00E+00,0.00E+00,8.92E+03,2.09E+04
410,2.60E+01,1.20E+01,black,0.00E+00,0.00E+00,0.00E+00,7.32E+03,4.68E+03
411,2.40E+01,1.20E+01,white,0.00E+00,0.00E+00,0.00E+00,0.00E+00,1.13E+04
412,4.30E+01,1.00E+01,black,0.00E+00,1.00E+00,0.00E+00,4.13E+03,7.57E+03
413,3.10E+01,1.10E+01,black,0.00E+00,1.00E+00,0.00E+00,1.73E+03,0.00E+00
414,2.20E+01,1.10E+01,black,0.00E+00,1.00E+00,0.00E+00,2.71E+03,1.01E+02
415,2.90E+01,1.10E+01,black,0.00E+00,1.00E+00,0.00E+00,0.00E+00,0.00E+00
416,2.40E+01,1.10E+01,black,0.00E+00,1.00E+00,0.00E+00,0.00E+00,1.46E+04
417,2.20E+01,9.00E+00,black,0.00E+00,1.00E+00,0.00E+00,0.00E+00,1.29E+04
418,1.90E+01,1.10E+01,black,0.00E+00,1.00E+00,0.00E+00,8.87E+03,7.40E+03
419,2.80E+01,1.10E+01,black,0.00E+00,1.00E+00,0.00E+00,0.00E+00,5.77E+03
420,1.80E+01,1.00E+01,hispanic,0.00E+00,1.00E+00,0.00E+00,0.00E+00,6.53E+03
421,1.80E+01,9.00E+00,black,0.00E+00,1.00E+00,0.00E+00,2.14E+03,5.77E+03
422,2.60E+01,1.00E+01,black,0.00E+00,1.00E+00,0.00E+00,0.00E+00,3.93E+03
423,2.50E+01,1.00E+01,black,0.00E+00,1.00E+00,0.00E+00,0.00E+00,2.09E+04
424,2.60E+01,1.20E+01,black,0.00E+00,0.00E+00,0.00E+00,8.48E+03,1.08E+04
425,2.30E+01,1.10E+01,black,0.00E+00,1.00E+00,0.00E+00,2.99E+04,2.35E+04
426,2.00E+01,8.00E+00,hispanic,0.00E+00,1.00E+00,0.00E+00,1.12E+03,1.17E+04
427,2.40E+01,1.00E+01,black,0.00E+00,1.00E+00,0.00E+00,0.00E+00,0.00E+00
428,2.70E+01,1.30E+01,black,0.00E+00,0.00E+00,0.00E+00,8.80E+03,1.65E+03
429,2.60E+01,5.00E+00,black,0.00E+00,1.00E+00,0.00E+00,0.00E+00,0.00E+00
430,3.70E+01,1.00E+01,black,0.00E+00,1.00E+00,0.00E+00,8.61E+03,0.00E+00
431,3.60E+01,1.00E+01,black,0.00E+00,1.00E+00,0.00E+00,0.00E+00,1.47E+04
432,2.20E+01,1.10E+01,black,0.00E+00,1.00E+00,0.00E+00,0.00E+00,0.00E+00
433,2.20E+01,9.00E+00,black,0.00E+00,1.00E+00,0.00E+00,5.06E+02,6.04E+02
434,2.50E+01,1.20E+01,black,0.00E+00,0.00E+00,0.00E+00,0.00E+00,3.42E+03
435,2.20E+01,1.00E+01,black,0.00E+00,1.00E+00,0.00E+00,1.77E+03,0.00E+00
436,2.70E+01,1.10E+01,black,0.00E+00,1.00E+00,0.00E+00,0.00E+00,1.12E+04
437,2.90E+01,8.00E+00,black,0.00E+00,1.00E+00,0.00E+00,0.00E+00,0.00E+00
438,1.80E+01,9.00E+00,black,0.00E+00,1.00E+00,0.00E+00,2.01E+03,6.55E+03
439,2.40E+01,1.20E+01,black,0.00E+00,0.00E+00,0.00E+00,0.00E+00,0.00E+00
440,2.70E+01,9.00E+00,hispanic,0.00E+00,1.00E+00,0.00E+00,1.60E+03,6.72E+03
441,1.90E+01,9.00E+00,black,0.00E+00,1.00E+00,0.00E+00,9.02E+02,1.91E+03
442,2.20E+01,1.00E+01,black,0.00E+00,1.00E+00,0.00E+00,0.00E+00,0.00E+00
443,2.90E+01,1.20E+01,black,0.00E+00,0.00E+00,0.00E+00,1.36E+03,1.33E+02
444,3.00E+01,1.10E+01,black,1.00E+00,1.00E+00,0.00E+00,9.31E+03,3.98E+03
445,2.20E+01,7.00E+00,black,0.00E+00,1.00E+00,0.00E+00,1.35E+04,1.16E+04
446,2.40E+01,7.00E+00,black,0.00E+00,1.00E+00,0.00E+00,0.00E+00,1.46E+03
447,2.90E+01,1.40E+01,black,0.00E+00,0.00E+00,0.00E+00,3.36E+03,7.23E+03
448,2.90E+01,1.20E+01,black,0.00E+00,0.00E+00,0.00E+00,0.00E+00,1.89E+03
449,2.20E+01,1.10E+01,black,0.00E+00,1.00E+00,0.00E+00,1.32E+03,2.64E+03
450,2.50E+01,1.10E+01,hispanic,1.00E+00,1.00E+00,0.00E+00,0.00E+00,4.49E+03
451,3.00E+01,1.20E+01,black,0.00E+00,0.00E+00,0.00E+00,0.00E+00,1.36E+04
452,2.20E+01,8.00E+00,black,0.00E+00,1.00E+00,0.00E+00,0.00E+00,1.39E+03
453,5.50E+01,3.00E+00,black,0.00E+00,1.00E+00,0.00E+00,0.00E+00,5.84E+03
454,3.50E+01,1.00E+01,black,0.00E+00,1.00E+00,0.00E+00,9.90E+03,9.45E+03
455,2.00E+01,1.00E+01,black,0.00E+00,1.00E+00,0.00E+00,0.00E+00,8.60E+03
456,2.90E+01,9.00E+00,black,0.00E+00,1.00E+00,0.00E+00,1.20E+03,9.38E+03
457,2.00E+01,1.10E+01,black,0.00E+00,1.00E+00,0.00E+00,3.47E+03,7.90E+03
458,2.70E+01,9.00E+00,black,0.00E+00,1.00E+00,0.00E+00,2.13E+03,0.00E+00
459,2.80E+01,1.00E+01,black,1.00E+00,1.00E+00,0.00E+00,6.45E+03,1.70E+04
460,2.00E+01,1.10E+01,black,0.00E+00,1.00E+00,0.00E+00,2.53E+03,0.00E+00
461,2.60E+01,1.40E+01,black,1.00E+00,0.00E+00,0.00E+00,2.03E+03,0.00E+00
462,1.90E+01,8.00E+00,hispanic,0.00E+00,1.00E+00,0.00E+00,1.09E+03,2.99E+03
463,3.40E+01,1.10E+01,black,0.00E+00,1.00E+00,0.00E+00,0.00E+00,2.92E+03
464,2.20E+01,1.20E+01,black,0.00E+00,0.00E+00,0.00E+00,0.00E+00,0.00E+00
465,3.20E+01,1.20E+01,hispanic,1.00E+00,0.00E+00,0.00E+00,0.00E+00,6.74E+03
466,1.90E+01,1.10E+01,black,0.00E+00,1.00E+00,0.00E+00,1.87E+03,0.00E+00
467,3.10E+01,1.00E+01,black,0.00E+00,1.00E+00,0.00E+00,0.00E+00,0.00E+00
468,1.80E+01,9.00E+00,black,0.00E+00,1.00E+00,0.00E+00,0.00E+00,0.00E+00
469,2.80E+01,1.00E+01,black,0.00E+00,1.00E+00,0.00E+00,4.48E+03,1.29E+02
470,3.20E+01,1.20E+01,black,0.00E+00,0.00E+00,0.00E+00,1.24E+04,1.07E+04
471,5.00E+01,1.00E+01,hispanic,0.00E+00,1.00E+00,0.00E+00,0.00E+00,0.00E+00
472,2.00E+01,1.20E+01,black,0.00E+00,0.00E+00,0.00E+00,5.92E+02,4.16E+03
473,2.50E+01,1.10E+01,black,1.00E+00,1.00E+00,0.00E+00,0.00E+00,4.48E+01
474,2.30E+01,1.00E+01,black,1.00E+00,1.00E+00,0.00E+00,0.00E+00,0.00E+00
475,2.10E+01,1.40E+01,black,0.00E+00,0.00E+00,0.00E+00,5.93E+03,2.94E+04
476,3.80E+01,1.00E+01,black,0.00E+00,1.00E+00,0.00E+00,0.00E+00,0.00E+00
477,2.50E+01,7.00E+00,hispanic,0.00E+00,1.00E+00,0.00E+00,1.18E+03,9.72E+03
478,2.50E+01,1.00E+01,black,1.00E+00,1.00E+00,0.00E+00,0.00E+00,3.70E+03
479,2.90E+01,1.20E+01,black,0.00E+00,0.00E+00,0.00E+00,2.08E+03,1.70E+04
480,4.20E+01,1.00E+01,black,0.00E+00,1.00E+00,0.00E+00,0.00E+00,6.93E+03
481,3.90E+01,1.20E+01,black,1.00E+00,0.00E+00,0.00E+00,0.00E+00,3.80E+03
482,2.70E+01,1.10E+01,black,1.00E+00,1.00E+00,0.00E+00,2.00E+04,9.07E+03
483,3.40E+01,1.30E+01,black,1.00E+00,0.00E+00,0.00E+00,0.00E+00,5.19E+03
484,2.50E+01,1.10E+01,black,1.00E+00,1.00E+00,0.00E+00,3.27E+03,4.79E+02
485,2.80E+01,1.00E+01,black,0.00E+00,1.00E+00,0.00E+00,1.01E+04,0.00E+00
486,2.40E+01,7.00E+00,black,0.00E+00,1.00E+00,0.00E+00,0.00E+00,2.19E+03
487,3.20E+01,1.10E+01,black,0.00E+00,1.00E+00,0.00E+00,0.00E+00,1.11E+04
488,2.70E+01,1.30E+01,black,0.00E+00,0.00E+00,0.00E+00,0.00E+00,7.61E+03
489,2.00E+01,1.20E+01,black,0.00E+00,0.00E+00,0.00E+00,4.93E+03,6.09E+03
490,2.90E+01,1.30E+01,black,0.00E+00,0.00E+00,0.00E+00,2.27E+03,2.73E+03
491,2.60E+01,1.00E+01,black,0.00E+00,1.00E+00,0.00E+00,0.00E+00,2.17E+03
492,4.40E+01,1.10E+01,black,0.00E+00,1.00E+00,0.00E+00,0.00E+00,0.00E+00
493,2.40E+01,9.00E+00,black,0.00E+00,1.00E+00,0.00E+00,4.12E+03,5.97E+02
494,2.80E+01,1.00E+01,white,1.00E+00,1.00E+00,0.00E+00,6.35E+03,6.79E+03
495,2.40E+01,1.10E+01,black,0.00E+00,1.00E+00,0.00E+00,1.33E+03,9.50E+03
496,2.50E+01,1.10E+01,black,0.00E+00,1.00E+00,0.00E+00,0.00E+00,1.26E+03
497,2.50E+01,8.00E+00,black,1.00E+00,1.00E+00,0.00E+00,5.16E+02,1.43E+04
498,2.30E+01,1.10E+01,black,0.00E+00,1.00E+00,0.00E+00,5.72E+03,1.03E+04
499,2.00E+01,1.10E+01,black,0.00E+00,1.00E+00,0.00E+00,1.65E+03,2.79E+02
500,2.40E+01,1.20E+01,black,0.00E+00,0.00E+00,0.00E+00,8.10E+03,1.12E+04
501,2.00E+01,1.10E+01,white,1.00E+00,1.00E+00,0.00E+00,8.16E+03,6.34E+03
502,2.50E+01,1.20E+01,black,0.00E+00,0.00E+00,0.00E+00,0.00E+00,0.00E+00
503,2.80E+01,1.10E+01,black,0.00E+00,1.00E+00,0.00E+00,8.63E+02,0.00E+00
504,2.80E+01,1.20E+01,black,1.00E+00,0.00E+00,0.00E+00,0.00E+00,0.00E+00
505,2.10E+01,1.20E+01,white,0.00E+00,0.00E+00,0.00E+00,5.44E+03,1.15E+04
506,2.40E+01,1.10E+01,white,0.00E+00,1.00E+00,0.00E+00,1.47E+03,1.04E+04
507,3.20E+01,1.00E+01,black,0.00E+00,1.00E+00,0.00E+00,0.00E+00,0.00E+00
508,2.10E+01,1.00E+01,black,1.00E+00,1.00E+00,0.00E+00,1.79E+03,6.83E+03
509,2.10E+01,8.00E+00,black,0.00E+00,1.00E+00,0.00E+00,6.61E+03,3.08E+03
510,2.50E+01,1.00E+01,black,1.00E+00,1.00E+00,0.00E+00,1.17E+04,1.11E+04
511,2.20E+01,1.00E+01,white,1.00E+00,1.00E+00,0.00E+00,2.30E+04,5.45E+03
512,2.20E+01,1.00E+01,black,0.00E+00,1.00E+00,0.00E+00,0.00E+00,0.00E+00
513,1.90E+01,9.00E+00,black,0.00E+00,1.00E+00,0.00E+00,0.00E+00,5.71E+03
514,3.10E+01,1.00E+01,black,1.00E+00,1.00E+00,0.00E+00,0.00E+00,0.00E+00
515,2.30E+01,1.10E+01,black,0.00E+00,1.00E+00,0.00E+00,0.00E+00,0.00E+00
516,2.20E+01,1.10E+01,black,0.00E+00,1.00E+00,0.00E+00,8.75E+02,9.14E+03
517,3.30E+01,1.10E+01,black,0.00E+00,1.00E+00,0.00E+00,0.00E+00,0.00E+00
518,2.70E+01,1.00E+01,black,0.00E+00,1.00E+00,0.00E+00,0.00E+00,1.18E+03
519,2.90E+01,1.10E+01,black,1.00E+00,1.00E+00,0.00E+00,0.00E+00,1.02E+04
520,3.80E+01,1.00E+01,black,1.00E+00,1.00E+00,0.00E+00,1.47E+04,4.39E+03
521,2.00E+01,6.00E+00,black,0.00E+00,1.00E+00,0.00E+00,2.85E+03,0.00E+00
522,2.30E+01,1.00E+01,black,0.00E+00,1.00E+00,0.00E+00,0.00E+00,0.00E+00
523,2.90E+01,1.10E+01,black,0.00E+00,1.00E+00,0.00E+00,3.26E+03,3.29E+03
524,2.60E+01,9.00E+00,black,0.00E+00,1.00E+00,0.00E+00,6.96E+03,1.19E+04
525,2.50E+01,9.00E+00,black,1.00E+00,1.00E+00,0.00E+00,0.00E+00,4.72E+03
526,2.40E+01,1.10E+01,black,0.00E+00,1.00E+00,0.00E+00,1.34E+04,1.95E+04
527,2.50E+01,1.00E+01,black,0.00E+00,1.00E+00,0.00E+00,0.00E+00,2.90E+02
528,2.30E+01,1.10E+01,white,0.00E+00,1.00E+00,0.00E+00,2.00E+04,1.29E+04
529,2.50E+01,1.30E+01,black,0.00E+00,0.00E+00,0.00E+00,3.75E+03,1.67E+03
530,2.00E+01,9.00E+00,black,0.00E+00,1.00E+00,0.00E+00,9.16E+03,8.92E+03
531,2.50E+01,1.10E+01,black,0.00E+00,1.00E+00,0.00E+00,3.07E+03,2.85E+02
532,2.90E+01,1.20E+01,white,0.00E+00,0.00E+00,0.00E+00,1.22E+04,1.63E+04
533,2.50E+01,9.00E+00,black,1.00E+00,1.00E+00,0.00E+00,1.69E+04,7.34E+03
534,2.30E+01,1.10E+01,black,0.00E+00,1.00E+00,0.00E+00,5.81E+02,0.00E+00
535,4.40E+01,9.00E+00,black,1.00E+00,1.00E+00,0.00E+00,1.09E+04,1.24E+04
536,2.20E+01,1.20E+01,black,1.00E+00,0.00E+00,0.00E+00,9.35E+03,8.07E+03
537,2.00E+01,1.10E+01,white,0.00E+00,1.00E+00,0.00E+00,1.16E+03,0.00E+00
538,3.60E+01,1.10E+01,black,0.00E+00,1.00E+00,0.00E+00,7.31E+03,0.00E+00
539,2.40E+01,1.00E+01,black,0.00E+00,1.00E+00,0.00E+00,0.00E+00,0.00E+00
540,2.80E+01,8.00E+00,white,0.00E+00,1.00E+00,0.00E+00,0.00E+00,8.19E+03
541,3.90E+01,1.10E+01,black,0.00E+00,1.00E+00,0.00E+00,8.37E+01,0.00E+00
542,2.70E+01,1.20E+01,hispanic,0.00E+00,0.00E+00,0.00E+00,2.43E+04,1.58E+04
543,3.10E+01,1.00E+01,black,0.00E+00,1.00E+00,0.00E+00,5.20E+02,1.45E+04
544,2.60E+01,6.00E+00,black,0.00E+00,1.00E+00,0.00E+00,0.00E+00,4.81E+03
545,3.00E+01,1.10E+01,black,1.00E+00,1.00E+00,0.00E+00,2.41E+04,7.26E+03
546,3.10E+01,8.00E+00,black,0.00E+00,1.00E+00,0.00E+00,4.58E+03,6.15E+03
547,2.60E+01,8.00E+00,black,0.00E+00,1.00E+00,0.00E+00,5.56E+03,3.52E+03
548,2.60E+01,1.00E+01,black,1.00E+00,1.00E+00,0.00E+00,9.11E+03,1.27E+04
549,2.40E+01,1.20E+01,black,0.00E+00,0.00E+00,0.00E+00,1.60E+02,0.00E+00
550,2.50E+01,1.10E+01,black,0.00E+00,1.00E+00,0.00E+00,2.46E+03,8.76E+03
551,2.90E+01,9.00E+00,black,0.00E+00,1.00E+00,0.00E+00,9.16E+03,0.00E+00
552,3.00E+01,1.40E+01,black,1.00E+00,0.00E+00,0.00E+00,0.00E+00,7.34E+03
553,2.50E+01,1.00E+01,black,1.00E+00,1.00E+00,0.00E+00,0.00E+00,0.00E+00
554,4.10E+01,1.20E+01,black,0.00E+00,0.00E+00,0.00E+00,9.82E+03,0.00E+00
555,2.90E+01,1.10E+01,black,1.00E+00,1.00E+00,0.00E+00,0.00E+00,0.00E+00
556,2.50E+01,1.20E+01,black,1.00E+00,0.00E+00,0.00E+00,0.00E+00,0.00E+00
557,2.80E+01,1.30E+01,black,0.00E+00,0.00E+00,0.00E+00,0.00E+00,0.00E+00
558,2.30E+01,1.10E+01,black,0.00E+00,1.00E+00,0.00E+00,0.00E+00,4.35E+03
559,5.40E+01,1.10E+01,black,0.00E+00,1.00E+00,0.00E+00,0.00E+00,7.81E+03
560,3.30E+01,5.00E+00,hispanic,0.00E+00,1.00E+00,0.00E+00,0.00E+00,0.00E+00
561,3.10E+01,1.20E+01,white,0.00E+00,0.00E+00,0.00E+00,4.95E+02,0.00E+00
562,3.40E+01,1.20E+01,black,0.00E+00,0.00E+00,0.00E+00,4.09E+03,5.67E+03
563,5.00E+01,8.00E+00,black,1.00E+00,1.00E+00,0.00E+00,5.63E+03,9.00E+03
564,3.10E+01,1.10E+01,black,0.00E+00,1.00E+00,0.00E+00,7.51E+03,3.08E+02
565,3.60E+01,1.20E+01,hispanic,0.00E+00,0.00E+00,0.00E+00,1.15E+04,4.98E+03
566,2.00E+01,8.00E+00,black,0.00E+00,1.00E+00,0.00E+00,0.00E+00,3.64E+03
567,2.40E+01,1.20E+01,white,1.00E+00,0.00E+00,0.00E+00,2.43E+04,6.66E+02
568,2.30E+01,1.20E+01,hispanic,0.00E+00,0.00E+00,0.00E+00,8.96E+03,7.08E+03
569,2.60E+01,1.30E+01,white,0.00E+00,0.00E+00,0.00E+00,5.40E+03,9.77E+03
570,2.80E+01,1.10E+01,white,0.00E+00,1.00E+00,0.00E+00,3.20E+03,7.65E+03
571,4.50E+01,9.00E+00,black,0.00E+00,1.00E+00,0.00E+00,0.00E+00,4.84E+03
572,2.30E+01,1.00E+01,black,1.00E+00,1.00E+00,0.00E+00,9.85E+03,0.00E+00
573,2.80E+01,1.10E+01,black,0.00E+00,1.00E+00,0.00E+00,1.34E+04,0.00E+00
574,2.60E+01,1.10E+01,black,1.00E+00,1.00E+00,0.00E+00,4.18E+03,0.00E+00
575,2.20E+01,1.00E+01,black,0.00E+00,1.00E+00,0.00E+00,2.17E+03,5.34E+03
576,2.70E+01,1.30E+01,white,0.00E+00,0.00E+00,0.00E+00,4.75E+02,4.81E+03
577,2.70E+01,1.20E+01,hispanic,0.00E+00,0.00E+00,0.00E+00,2.68E+03,1.74E+04
578,3.90E+01,6.00E+00,black,0.00E+00,1.00E+00,0.00E+00,0.00E+00,0.00E+00
579,2.50E+01,1.10E+01,black,0.00E+00,1.00E+00,0.00E+00,0.00E+00,0.00E+00
580,3.10E+01,1.10E+01,black,0.00E+00,1.00E+00,0.00E+00,1.83E+04,0.00E+00
581,2.20E+01,1.20E+01,black,0.00E+00,0.00E+00,0.00E+00,2.00E+03,4.40E+02
582,2.20E+01,1.00E+01,black,0.00E+00,1.00E+00,0.00E+00,1.37E+04,1.08E+04
583,2.80E+01,1.00E+01,black,0.00E+00,1.00E+00,0.00E+00,3.68E+02,4.86E+03
584,3.10E+01,1.10E+01,black,0.00E+00,1.00E+00,0.00E+00,6.38E+03,0.00E+00
585,2.70E+01,1.00E+01,black,1.00E+00,1.00E+00,0.00E+00,1.13E+04,0.00E+00
586,2.80E+01,1.10E+01,black,1.00E+00,1.00E+00,0.00E+00,5.39E+03,4.97E+03
587,2.60E+01,1.20E+01,black,0.00E+00,0.00E+00,0.00E+00,0.00E+00,0.00E+00
588,2.70E+01,1.20E+01,black,0.00E+00,0.00E+00,0.00E+00,3.30E+04,1.08E+04
589,2.70E+01,1.20E+01,white,0.00E+00,0.00E+00,0.00E+00,5.04E+03,0.00E+00
590,3.60E+01,1.20E+01,black,0.00E+00,0.00E+00,0.00E+00,1.42E+02,0.00E+00
591,2.60E+01,8.00E+00,black,1.00E+00,1.00E+00,0.00E+00,4.08E+03,0.00E+00
592,2.30E+01,9.00E+00,black,1.00E+00,1.00E+00,0.00E+00,1.93E+04,7.60E+03
593,2.30E+01,1.00E+01,black,0.00E+00,1.00E+00,0.00E+00,0.00E+00,0.00E+00
594,3.10E+01,1.20E+01,black,0.00E+00,0.00E+00,0.00E+00,5.61E+03,0.00E+00
595,3.60E+01,7.00E+00,black,0.00E+00,1.00E+00,0.00E+00,1.61E+03,2.08E+04
596,3.90E+01,1.20E+01,black,1.00E+00,0.00E+00,0.00E+00,6.61E+03,4.99E+02
597,3.50E+01,1.10E+01,black,1.00E+00,1.00E+00,0.00E+00,8.72E+03,0.00E+00
598,2.10E+01,9.00E+00,white,0.00E+00,1.00E+00,0.00E+00,1.58E+03,1.74E+03
599,3.60E+01,1.10E+01,hispanic,0.00E+00,1.00E+00,0.00E+00,3.06E+03,1.32E+03
600,2.70E+01,1.20E+01,white,0.00E+00,0.00E+00,0.00E+00,0.00E+00,1.48E+04
601,2.60E+01,1.10E+01,black,0.00E+00,1.00E+00,0.00E+00,1.17E+03,6.67E+03
602,2.80E+01,9.00E+00,black,1.00E+00,1.00E+00,0.00E+00,9.21E+03,1.24E+03
603,3.30E+01,9.00E+00,hispanic,1.00E+00,1.00E+00,0.00E+00,0.00E+00,0.00E+00
604,2.80E+01,1.10E+01,black,1.00E+00,1.00E+00,0.00E+00,1.00E+04,0.00E+00
605,2.20E+01,1.10E+01,black,0.00E+00,1.00E+00,0.00E+00,6.97E+03,3.71E+03
606,2.50E+01,1.10E+01,black,0.00E+00,1.00E+00,0.00E+00,4.28E+03,4.12E+03
607,2.50E+01,1.00E+01,black,1.00E+00,1.00E+00,0.00E+00,0.00E+00,0.00E+00
608,2.70E+01,1.10E+01,black,0.00E+00,1.00E+00,0.00E+00,7.66E+02,0.00E+00
609,2.60E+01,8.00E+00,white,1.00E+00,1.00E+00,0.00E+00,3.69E+04,3.02E+04
610,2.80E+01,1.20E+01,black,1.00E+00,0.00E+00,0.00E+00,5.55E+03,1.28E+04
611,2.50E+01,1.00E+01,white,0.00E+00,1.00E+00,0.00E+00,8.14E+03,3.41E+03
612,2.20E+01,1.00E+01,white,0.00E+00,1.00E+00,0.00E+00,1.06E+04,7.09E+03
613,2.30E+01,8.00E+00,black,0.00E+00,1.00E+00,0.00E+00,0.00E+00,3.75E+03
614,2.00E+01,1.20E+01,white,0.00E+00,0.00E+00,0.00E+00,3.10E+03,1.26E+04
615,1.90E+01,1.10E+01,black,0.00E+00,1.00E+00,0.00E+00,3.29E+03,1.12E+04
616,1.70E+01,9.00E+00,hispanic,0.00E+00,1.00E+00,0.00E+00,6.71E+02,4.21E+03
617,1.90E+01,1.10E+01,black,0.00E+00,1.00E+00,0.00E+00,5.16E+03,0.00E+00
618,1.80E+01,1.10E+01,black,0.00E+00,1.00E+00,0.00E+00,4.15E+03,4.16E+03
619,1.70E+01,1.00E+01,hispanic,0.00E+00,1.00E+00,0.00E+00,1.24E+03,5.09E+03
620,2.00E+01,1.10E+01,black,0.00E+00,1.00E+00,0.00E+00,3.25E+03,6.03E+03
621,1.80E+01,8.00E+00,black,0.00E+00,1.00E+00,0.00E+00,0.00E+00,1.57E+03
622,2.00E+01,1.00E+01,black,0.00E+00,1.00E+00,0.00E+00,3.68E+03,5.58E+02
623,1.80E+01,1.10E+01,black,0.00E+00,1.00E+00,0.00E+00,2.04E+03,7.97E+02
624,1.90E+01,1.00E+01,hispanic,0.00E+00,1.00E+00,0.00E+00,2.28E+03,4.34E+03
625,1.70E+01,8.00E+00,black,0.00E+00,1.00E+00,0.00E+00,0.00E+00,7.01E+03
626,1.70E+01,1.00E+01,hispanic,0.00E+00,1.00E+00,0.00E+00,1.73E+03,6.35E+03
627,1.80E+01,1.00E+01,black,0.00E+00,1.00E+00,0.00E+00,2.68E+03,0.00E+00
628,1.80E+01,1.00E+01,black,0.00E+00,1.00E+00,0.00E+00,2.40E+02,2.89E+03
629,1.90E+01,1.10E+01,hispanic,1.00E+00,1.00E+00,0.00E+00,3.08E+02,0.00E+00
630,1.80E+01,1.10E+01,black,0.00E+00,1.00E+00,0.00E+00,8.78E+03,1.82E+03
631,1.90E+01,1.10E+01,black,0.00E+00,1.00E+00,0.00E+00,1.62E+03,8.82E+03
632,1.90E+01,1.00E+01,black,0.00E+00,1.00E+00,0.00E+00,9.64E+02,7.05E+03
633,1.90E+01,9.00E+00,hispanic,0.00E+00,1.00E+00,0.00E+00,0.00E+00,3.81E+03
634,1.80E+01,1.00E+01,black,0.00E+00,1.00E+00,0.00E+00,1.64E+03,0.00E+00
635,1.80E+01,1.00E+01,black,0.00E+00,1.00E+00,0.00E+00,0.00E+00,9.60E+03
636,1.70E+01,1.10E+01,black,0.00E+00,1.00E+00,0.00E+00,3.80E+03,0.00E+00
637,1.80E+01,6.00E+00,hispanic,0.00E+00,1.00E+00,0.00E+00,6.14E+03,3.83E+03
638,1.90E+01,1.10E+01,black,0.00E+00,1.00E+00,0.00E+00,2.45E+03,9.77E+03
639,1.80E+01,8.00E+00,hispanic,0.00E+00,1.00E+00,0.00E+00,0.00E+00,1.08E+04
640,1.80E+01,1.10E+01,black,0.00E+00,1.00E+00,0.00E+00,0.00E+00,4.66E+03
641,1.70E+01,1.10E+01,black,0.00E+00,1.00E+00,0.00E+00,0.00E+00,8.55E+03
642,1.90E+01,1.00E+01,black,0.00E+00,1.00E+00,0.00E+00,0.00E+00,4.31E+03
643,1.90E+01,1.00E+01,black,0.00E+00,1.00E+00,0.00E+00,0.00E+00,5.29E+03
644,1.80E+01,9.00E+00,black,0.00E+00,1.00E+00,0.00E+00,0.00E+00,1.25E+04
645,1.80E+01,1.00E+01,black,0.00E+00,1.00E+00,0.00E+00,2.29E+03,3.27E+03
646,1.80E+01,1.10E+01,black,0.00E+00,1.00E+00,0.00E+00,2.29E+03,4.99E+03
647,1.80E+01,1.00E+01,black,0.00E+00,1.00E+00,0.00E+00,2.74E+02,5.51E+03
648,1.80E+01,9.00E+00,hispanic,0.00E+00,1.00E+00,0.00E+00,2.68E+03,2.98E+03
649,1.80E+01,9.00E+00,black,0.00E+00,1.00E+00,0.00E+00,0.00E+00,1.09E+04
650,1.80E+01,1.20E+01,black,0.00E+00,0.00E+00,0.00E+00,1.41E+03,0.00E+00
651,1.80E+01,9.00E+00,hispanic,0.00E+00,1.00E+00,0.00E+00,1.65E+03,1.07E+03
652,1.90E+01,1.10E+01,black,0.00E+00,1.00E+00,0.00E+00,3.94E+02,2.48E+03
653,1.80E+01,7.00E+00,hispanic,1.00E+00,1.00E+00,0.00E+00,2.67E+03,6.33E+03
654,1.90E+01,1.10E+01,white,0.00E+00,1.00E+00,0.00E+00,8.23E+02,2.65E+03
655,1.80E+01,8.00E+00,hispanic,0.00E+00,1.00E+00,0.00E+00,2.48E+03,1.11E+04
656,1.70E+01,8.00E+00,black,0.00E+00,1.00E+00,0.00E+00,1.18E+03,1.44E+04
657,1.80E+01,1.00E+01,black,0.00E+00,1.00E+00,0.00E+00,0.00E+00,2.02E+02
658,1.70E+01,1.00E+01,black,0.00E+00,1.00E+00,0.00E+00,1.73E+03,1.11E+04
659,1.70E+01,1.00E+01,black,0.00E+00,1.00E+00,0.00E+00,6.65E+02,0.00E+00
660,2.00E+01,1.00E+01,black,0.00E+00,1.00E+00,0.00E+00,6.90E+02,1.09E+04
661,1.80E+01,1.00E+01,black,0.00E+00,1.00E+00,0.00E+00,1.43E+03,1.16E+04
662,1.90E+01,1.10E+01,black,0.00E+00,1.00E+00,0.00E+00,7.05E+02,0.00E+00
663,1.70E+01,1.00E+01,black,0.00E+00,1.00E+00,0.00E+00,0.00E+00,2.66E+03
664,1.80E+01,7.00E+00,black,0.00E+00,1.00E+00,0.00E+00,0.00E+00,4.13E+03
665,1.80E+01,1.10E+01,black,0.00E+00,1.00E+00,0.00E+00,0.00E+00,1.13E+04
666,2.00E+01,9.00E+00,black,0.00E+00,1.00E+00,0.00E+00,2.48E+03,0.00E+00
667,1.90E+01,1.00E+01,hispanic,0.00E+00,1.00E+00,0.00E+00,0.00E+00,0.00E+00
668,1.80E+01,9.00E+00,black,0.00E+00,1.00E+00,0.00E+00,0.00E+00,0.00E+00
669,1.70E+01,1.00E+01,black,0.00E+00,1.00E+00,0.00E+00,0.00E+00,0.00E+00
670,1.70E+01,1.10E+01,black,0.00E+00,1.00E+00,0.00E+00,1.16E+03,6.37E+03
671,1.70E+01,1.00E+01,black,0.00E+00,1.00E+00,0.00E+00,0.00E+00,2.19E+03
672,1.80E+01,9.00E+00,black,0.00E+00,1.00E+00,0.00E+00,4.90E+02,3.48E+03
673,1.90E+01,1.10E+01,black,0.00E+00,1.00E+00,0.00E+00,0.00E+00,0.00E+00
674,1.70E+01,8.00E+00,white,0.00E+00,1.00E+00,0.00E+00,0.00E+00,1.02E+04
675,1.80E+01,1.00E+01,black,0.00E+00,1.00E+00,0.00E+00,0.00E+00,1.10E+04
676,1.80E+01,9.00E+00,black,0.00E+00,1.00E+00,0.00E+00,0.00E+00,0.00E+00
677,1.70E+01,9.00E+00,black,0.00E+00,1.00E+00,0.00E+00,2.60E+03,0.00E+00
678,1.70E+01,8.00E+00,black,0.00E+00,1.00E+00,0.00E+00,0.00E+00,8.99E+03
679,1.70E+01,8.00E+00,black,0.00E+00,1.00E+00,0.00E+00,2.04E+03,0.00E+00
680,1.90E+01,9.00E+00,hispanic,0.00E+00,1.00E+00,0.00E+00,2.75E+03,1.56E+04
681,1.70E+01,9.00E+00,black,0.00E+00,1.00E+00,0.00E+00,6.21E+02,1.81E+04
682,1.90E+01,1.00E+01,black,0.00E+00,1.00E+00,0.00E+00,1.43E+03,4.69E+03
683,1.90E+01,6.00E+00,hispanic,0.00E+00,1.00E+00,0.00E+00,0.00E+00,5.07E+03
684,2.00E+01,1.10E+01,black,0.00E+00,1.00E+00,0.00E+00,1.63E+03,1.31E+03
685,1.90E+01,1.00E+01,white,0.00E+00,1.00E+00,0.00E+00,0.00E+00,3.19E+03
686,1.70E+01,1.10E+01,white,0.00E+00,1.00E+00,0.00E+00,0.00E+00,0.00E+00
687,1.80E+01,9.00E+00,white,0.00E+00,1.00E+00,0.00E+00,5.60E+02,7.30E+03
688,2.00E+01,1.10E+01,black,0.00E+00,1.00E+00,0.00E+00,7.67E+03,7.66E+03
689,2.00E+01,1.00E+01,black,0.00E+00,1.00E+00,0.00E+00,2.86E+03,1.83E+04
690,2.00E+01,9.00E+00,black,0.00E+00,1.00E+00,0.00E+00,0.00E+00,5.19E+03
691,1.90E+01,9.00E+00,black,0.00E+00,1.00E+00,0.00E+00,2.64E+03,2.65E+03
692,1.80E+01,1.00E+01,black,0.00E+00,1.00E+00,0.00E+00,2.46E+03,1.37E+04
693,1.90E+01,1.10E+01,black,0.00E+00,1.00E+00,0.00E+00,4.50E+03,0.00E+00
694,1.70E+01,9.00E+00,black,0.00E+00,1.00E+00,0.00E+00,0.00E+00,0.00E+00
695,1.80E+01,9.00E+00,black,0.00E+00,1.00E+00,0.00E+00,1.41E+03,3.48E+03
696,1.70E+01,1.10E+01,black,0.00E+00,1.00E+00,0.00E+00,1.65E+02,4.25E+03
697,1.70E+01,1.00E+01,black,0.00E+00,1.00E+00,0.00E+00,0.00E+00,2.76E+02
698,1.90E+01,1.00E+01,black,0.00E+00,1.00E+00,0.00E+00,6.04E+02,0.00E+00
699,1.70E+01,1.00E+01,hispanic,0.00E+00,1.00E+00,0.00E+00,1.17E+03,1.13E+04
700,2.00E+01,9.00E+00,black,0.00E+00,1.00E+00,0.00E+00,9.69E+03,8.56E+03
701,1.70E+01,9.00E+00,black,0.00E+00,1.00E+00,0.00E+00,0.00E+00,3.59E+03
702,1.90E+01,1.10E+01,black,0.00E+00,1.00E+00,0.00E+00,0.00E+00,0.00E+00
703,1.70E+01,1.00E+01,white,0.00E+00,1.00E+00,0.00E+00,2.47E+03,4.21E+03
704,1.90E+01,1.00E+01,black,1.00E+00,1.00E+00,0.00E+00,0.00E+00,1.28E+04
705,2.00E+01,9.00E+00,black,0.00E+00,1.00E+00,0.00E+00,0.00E+00,2.04E+03
706,1.80E+01,1.10E+01,black,0.00E+00,1.00E+00,0.00E+00,1.17E+03,6.04E+02
707,1.80E+01,1.00E+01,hispanic,1.00E+00,1.00E+00,0.00E+00,1.92E+03,4.77E+03
708,1.80E+01,9.00E+00,black,0.00E+00,1.00E+00,0.00E+00,0.00E+00,2.39E+03
709,1.80E+01,1.10E+01,black,0.00E+00,1.00E+00,0.00E+00,0.00E+00,0.00E+00
710,2.00E+01,1.00E+01,black,0.00E+00,1.00E+00,0.00E+00,2.75E+03,6.87E+03
711,1.70E+01,1.00E+01,hispanic,0.00E+00,1.00E+00,0.00E+00,0.00E+00,8.47E+03
712,1.90E+01,1.10E+01,black,0.00E+00,1.00E+00,0.00E+00,0.00E+00,0.00E+00
713,1.90E+01,9.00E+00,black,0.00E+00,1.00E+00,0.00E+00,1.54E+03,4.19E+03
714,1.70E+01,1.00E+01,black,0.00E+00,1.00E+00,0.00E+00,0.00E+00,1.14E+03
715,2.00E+01,1.10E+01,black,0.00E+00,1.00E+00,0.00E+00,8.01E+03,1.82E+04
716,1.70E+01,8.00E+00,black,0.00E+00,1.00E+00,0.00E+00,7.69E+02,3.02E+03
717,1.80E+01,8.00E+00,white,0.00E+00,1.00E+00,0.00E+00,1.35E+03,1.73E+03
718,2.00E+01,1.00E+01,black,0.00E+00,1.00E+00,0.00E+00,8.25E+02,0.00E+00
719,1.70E+01,9.00E+00,hispanic,0.00E+00,1.00E+00,0.00E+00,0.00E+00,5.11E+03
720,1.70E+01,9.00E+00,black,0.00E+00,1.00E+00,0.00E+00,1.21E+03,0.00E+00
721,1.90E+01,1.10E+01,black,0.00E+00,1.00E+00,0.00E+00,0.00E+00,0.00E+00
722,1.80E+01,1.00E+01,black,0.00E+00,1.00E+00,0.00E+00,0.00E+00,7.81E+02
